region,count,mean,std,min,25%,50%,75%,max
East Asia,535,2.919813,3.07048,1,1.3,1.9,3.1,31
Europe,698,3.799427,4.723475,1,1.4,2.3,4,64
Latin America,182,3.165385,5.959908,1,1.3,1.75,2.875,72
Middle East/North Africa,117,2.731624,2.917446,1,1.3,1.9,3,20.4
North America,992,3.852218,6.172833,1,1.4,2.05,3.425,76
South Asia,69,3.204348,3.645038,1,1.4,1.8,3.2,18.6
Sub-Saharan Africa,20,3.905,5.312099,1,1.3,2.5,3.9,25
